#file_name, lh, logg, meta, teff, vtur
Kurucz_fid1.txt,1.25,0,-0.5,3500,2.0
Kurucz_fid2.txt,1.25,0.5,-0.5,3500,2.0
Kurucz_fid3.txt,1.25,1,-0.5,3500,2.0
Kurucz_fid4.txt,1.25,1.5,-0.5,3500,2.0
Kurucz_fid5.txt,1.25,2,-0.5,3500,2.0
Kurucz_fid6.txt,1.25,2.5,-0.5,3500,2.0
Kurucz_fid7.txt,1.25,3,-0.5,3500,2.0
Kurucz_fid8.txt,1.25,3.5,-0.5,3500,2.0
Kurucz_fid9.txt,1.25,4,-0.5,3500,2.0
Kurucz_fid10.txt,1.25,4.5,-0.5,3500,2.0
Kurucz_fid11.txt,1.25,5,-0.5,3500,2.0
Kurucz_fid12.txt,1.25,0,-0.5,3750,2.0
Kurucz_fid13.txt,1.25,0.5,-0.5,3750,2.0
Kurucz_fid14.txt,1.25,1,-0.5,3750,2.0
Kurucz_fid15.txt,1.25,1.5,-0.5,3750,2.0
Kurucz_fid16.txt,1.25,2,-0.5,3750,2.0
Kurucz_fid17.txt,1.25,2.5,-0.5,3750,2.0
Kurucz_fid18.txt,1.25,3,-0.5,3750,2.0
Kurucz_fid19.txt,1.25,3.5,-0.5,3750,2.0
Kurucz_fid20.txt,1.25,4,-0.5,3750,2.0
Kurucz_fid21.txt,1.25,4.5,-0.5,3750,2.0
Kurucz_fid22.txt,1.25,5,-0.5,3750,2.0
Kurucz_fid23.txt,1.25,0,-0.5,4000,2.0
Kurucz_fid24.txt,1.25,0.5,-0.5,4000,2.0
Kurucz_fid25.txt,1.25,1,-0.5,4000,2.0
Kurucz_fid26.txt,1.25,1.5,-0.5,4000,2.0
Kurucz_fid27.txt,1.25,2,-0.5,4000,2.0
Kurucz_fid28.txt,1.25,2.5,-0.5,4000,2.0
Kurucz_fid29.txt,1.25,3,-0.5,4000,2.0
Kurucz_fid30.txt,1.25,3.5,-0.5,4000,2.0
Kurucz_fid31.txt,1.25,4,-0.5,4000,2.0
Kurucz_fid32.txt,1.25,4.5,-0.5,4000,2.0
Kurucz_fid33.txt,1.25,5,-0.5,4000,2.0
Kurucz_fid34.txt,1.25,0,-0.5,4250,2.0
Kurucz_fid35.txt,1.25,0.5,-0.5,4250,2.0
Kurucz_fid36.txt,1.25,1,-0.5,4250,2.0
Kurucz_fid37.txt,1.25,1.5,-0.5,4250,2.0
Kurucz_fid38.txt,1.25,2,-0.5,4250,2.0
Kurucz_fid39.txt,1.25,2.5,-0.5,4250,2.0
Kurucz_fid40.txt,1.25,3,-0.5,4250,2.0
Kurucz_fid41.txt,1.25,3.5,-0.5,4250,2.0
Kurucz_fid42.txt,1.25,4,-0.5,4250,2.0
Kurucz_fid43.txt,1.25,4.5,-0.5,4250,2.0
Kurucz_fid44.txt,1.25,5,-0.5,4250,2.0
Kurucz_fid45.txt,1.25,0,-0.5,4500,2.0
Kurucz_fid46.txt,1.25,0.5,-0.5,4500,2.0
Kurucz_fid47.txt,1.25,1,-0.5,4500,2.0
Kurucz_fid48.txt,1.25,1.5,-0.5,4500,2.0
Kurucz_fid49.txt,1.25,2,-0.5,4500,2.0
Kurucz_fid50.txt,1.25,2.5,-0.5,4500,2.0
Kurucz_fid51.txt,1.25,3,-0.5,4500,2.0
Kurucz_fid52.txt,1.25,3.5,-0.5,4500,2.0
Kurucz_fid53.txt,1.25,4,-0.5,4500,2.0
Kurucz_fid54.txt,1.25,4.5,-0.5,4500,2.0
Kurucz_fid55.txt,1.25,5,-0.5,4500,2.0
Kurucz_fid56.txt,1.25,0,-0.5,4750,2.0
Kurucz_fid57.txt,1.25,0.5,-0.5,4750,2.0
Kurucz_fid58.txt,1.25,1,-0.5,4750,2.0
Kurucz_fid59.txt,1.25,1.5,-0.5,4750,2.0
Kurucz_fid60.txt,1.25,2,-0.5,4750,2.0
Kurucz_fid61.txt,1.25,2.5,-0.5,4750,2.0
Kurucz_fid62.txt,1.25,3,-0.5,4750,2.0
Kurucz_fid63.txt,1.25,3.5,-0.5,4750,2.0
Kurucz_fid64.txt,1.25,4,-0.5,4750,2.0
Kurucz_fid65.txt,1.25,4.5,-0.5,4750,2.0
Kurucz_fid66.txt,1.25,5,-0.5,4750,2.0
Kurucz_fid67.txt,1.25,0,-0.5,5000,2.0
Kurucz_fid68.txt,1.25,0.5,-0.5,5000,2.0
Kurucz_fid69.txt,1.25,1,-0.5,5000,2.0
Kurucz_fid70.txt,1.25,1.5,-0.5,5000,2.0
Kurucz_fid71.txt,1.25,2,-0.5,5000,2.0
Kurucz_fid72.txt,1.25,2.5,-0.5,5000,2.0
Kurucz_fid73.txt,1.25,3,-0.5,5000,2.0
Kurucz_fid74.txt,1.25,3.5,-0.5,5000,2.0
Kurucz_fid75.txt,1.25,4,-0.5,5000,2.0
Kurucz_fid76.txt,1.25,4.5,-0.5,5000,2.0
Kurucz_fid77.txt,1.25,5,-0.5,5000,2.0
Kurucz_fid78.txt,1.25,0,-0.5,5250,2.0
Kurucz_fid79.txt,1.25,0.5,-0.5,5250,2.0
Kurucz_fid80.txt,1.25,1,-0.5,5250,2.0
Kurucz_fid81.txt,1.25,1.5,-0.5,5250,2.0
Kurucz_fid82.txt,1.25,2,-0.5,5250,2.0
Kurucz_fid83.txt,1.25,2.5,-0.5,5250,2.0
Kurucz_fid84.txt,1.25,3,-0.5,5250,2.0
Kurucz_fid85.txt,1.25,3.5,-0.5,5250,2.0
Kurucz_fid86.txt,1.25,4,-0.5,5250,2.0
Kurucz_fid87.txt,1.25,4.5,-0.5,5250,2.0
Kurucz_fid88.txt,1.25,5,-0.5,5250,2.0
Kurucz_fid89.txt,1.25,0,-0.5,5500,2.0
Kurucz_fid90.txt,1.25,0.5,-0.5,5500,2.0
Kurucz_fid91.txt,1.25,1,-0.5,5500,2.0
Kurucz_fid92.txt,1.25,1.5,-0.5,5500,2.0
Kurucz_fid93.txt,1.25,2,-0.5,5500,2.0
Kurucz_fid94.txt,1.25,2.5,-0.5,5500,2.0
Kurucz_fid95.txt,1.25,3,-0.5,5500,2.0
Kurucz_fid96.txt,1.25,3.5,-0.5,5500,2.0
Kurucz_fid97.txt,1.25,4,-0.5,5500,2.0
Kurucz_fid98.txt,1.25,4.5,-0.5,5500,2.0
Kurucz_fid99.txt,1.25,5,-0.5,5500,2.0
Kurucz_fid100.txt,1.25,0,-0.5,5750,2.0
Kurucz_fid101.txt,1.25,0.5,-0.5,5750,2.0
Kurucz_fid102.txt,1.25,1,-0.5,5750,2.0
Kurucz_fid103.txt,1.25,1.5,-0.5,5750,2.0
Kurucz_fid104.txt,1.25,2,-0.5,5750,2.0
Kurucz_fid105.txt,1.25,2.5,-0.5,5750,2.0
Kurucz_fid106.txt,1.25,3,-0.5,5750,2.0
Kurucz_fid107.txt,1.25,3.5,-0.5,5750,2.0
Kurucz_fid108.txt,1.25,4,-0.5,5750,2.0
Kurucz_fid109.txt,1.25,4.5,-0.5,5750,2.0
Kurucz_fid110.txt,1.25,5,-0.5,5750,2.0
Kurucz_fid111.txt,1.25,0,-0.5,6000,2.0
Kurucz_fid112.txt,1.25,0.5,-0.5,6000,2.0
Kurucz_fid113.txt,1.25,1,-0.5,6000,2.0
Kurucz_fid114.txt,1.25,1.5,-0.5,6000,2.0
Kurucz_fid115.txt,1.25,2,-0.5,6000,2.0
Kurucz_fid116.txt,1.25,2.5,-0.5,6000,2.0
Kurucz_fid117.txt,1.25,3,-0.5,6000,2.0
Kurucz_fid118.txt,1.25,3.5,-0.5,6000,2.0
Kurucz_fid119.txt,1.25,4,-0.5,6000,2.0
Kurucz_fid120.txt,1.25,4.5,-0.5,6000,2.0
Kurucz_fid121.txt,1.25,5,-0.5,6000,2.0
Kurucz_fid122.txt,1.25,0.5,-0.5,6250,2.0
Kurucz_fid123.txt,1.25,1,-0.5,6250,2.0
Kurucz_fid124.txt,1.25,1.5,-0.5,6250,2.0
Kurucz_fid125.txt,1.25,2,-0.5,6250,2.0
Kurucz_fid126.txt,1.25,2.5,-0.5,6250,2.0
Kurucz_fid127.txt,1.25,3,-0.5,6250,2.0
Kurucz_fid128.txt,1.25,3.5,-0.5,6250,2.0
Kurucz_fid129.txt,1.25,4,-0.5,6250,2.0
Kurucz_fid130.txt,1.25,4.5,-0.5,6250,2.0
Kurucz_fid131.txt,1.25,5,-0.5,6250,2.0
Kurucz_fid132.txt,1.25,0.5,-0.5,6500,2.0
Kurucz_fid133.txt,1.25,1,-0.5,6500,2.0
Kurucz_fid134.txt,1.25,1.5,-0.5,6500,2.0
Kurucz_fid135.txt,1.25,2,-0.5,6500,2.0
Kurucz_fid136.txt,1.25,2.5,-0.5,6500,2.0
Kurucz_fid137.txt,1.25,3,-0.5,6500,2.0
Kurucz_fid138.txt,1.25,3.5,-0.5,6500,2.0
Kurucz_fid139.txt,1.25,4,-0.5,6500,2.0
Kurucz_fid140.txt,1.25,4.5,-0.5,6500,2.0
Kurucz_fid141.txt,1.25,5,-0.5,6500,2.0
Kurucz_fid142.txt,1.25,0.5,-0.5,6750,2.0
Kurucz_fid143.txt,1.25,1,-0.5,6750,2.0
Kurucz_fid144.txt,1.25,1.5,-0.5,6750,2.0
Kurucz_fid145.txt,1.25,2,-0.5,6750,2.0
Kurucz_fid146.txt,1.25,2.5,-0.5,6750,2.0
Kurucz_fid147.txt,1.25,3,-0.5,6750,2.0
Kurucz_fid148.txt,1.25,3.5,-0.5,6750,2.0
Kurucz_fid149.txt,1.25,4,-0.5,6750,2.0
Kurucz_fid150.txt,1.25,4.5,-0.5,6750,2.0
Kurucz_fid151.txt,1.25,5,-0.5,6750,2.0
Kurucz_fid152.txt,1.25,0.5,-0.5,7000,2.0
Kurucz_fid153.txt,1.25,1,-0.5,7000,2.0
Kurucz_fid154.txt,1.25,1.5,-0.5,7000,2.0
Kurucz_fid155.txt,1.25,2,-0.5,7000,2.0
Kurucz_fid156.txt,1.25,2.5,-0.5,7000,2.0
Kurucz_fid157.txt,1.25,3,-0.5,7000,2.0
Kurucz_fid158.txt,1.25,3.5,-0.5,7000,2.0
Kurucz_fid159.txt,1.25,4,-0.5,7000,2.0
Kurucz_fid160.txt,1.25,4.5,-0.5,7000,2.0
Kurucz_fid161.txt,1.25,5,-0.5,7000,2.0
Kurucz_fid162.txt,1.25,0.5,-0.5,7250,2.0
Kurucz_fid163.txt,1.25,1,-0.5,7250,2.0
Kurucz_fid164.txt,1.25,1.5,-0.5,7250,2.0
Kurucz_fid165.txt,1.25,2,-0.5,7250,2.0
Kurucz_fid166.txt,1.25,2.5,-0.5,7250,2.0
Kurucz_fid167.txt,1.25,3,-0.5,7250,2.0
Kurucz_fid168.txt,1.25,3.5,-0.5,7250,2.0
Kurucz_fid169.txt,1.25,4,-0.5,7250,2.0
Kurucz_fid170.txt,1.25,4.5,-0.5,7250,2.0
Kurucz_fid171.txt,1.25,5,-0.5,7250,2.0
Kurucz_fid172.txt,1.25,0.5,-0.5,7500,2.0
Kurucz_fid173.txt,1.25,1,-0.5,7500,2.0
Kurucz_fid174.txt,1.25,1.5,-0.5,7500,2.0
Kurucz_fid175.txt,1.25,2,-0.5,7500,2.0
Kurucz_fid176.txt,1.25,2.5,-0.5,7500,2.0
Kurucz_fid177.txt,1.25,3,-0.5,7500,2.0
Kurucz_fid178.txt,1.25,3.5,-0.5,7500,2.0
Kurucz_fid179.txt,1.25,4,-0.5,7500,2.0
Kurucz_fid180.txt,1.25,4.5,-0.5,7500,2.0
Kurucz_fid181.txt,1.25,5,-0.5,7500,2.0
Kurucz_fid182.txt,1.25,1,-0.5,7750,2.0
Kurucz_fid183.txt,1.25,1.5,-0.5,7750,2.0
Kurucz_fid184.txt,1.25,2,-0.5,7750,2.0
Kurucz_fid185.txt,1.25,2.5,-0.5,7750,2.0
Kurucz_fid186.txt,1.25,3,-0.5,7750,2.0
Kurucz_fid187.txt,1.25,3.5,-0.5,7750,2.0
Kurucz_fid188.txt,1.25,4,-0.5,7750,2.0
Kurucz_fid189.txt,1.25,4.5,-0.5,7750,2.0
Kurucz_fid190.txt,1.25,5,-0.5,7750,2.0
Kurucz_fid191.txt,1.25,1,-0.5,8000,2.0
Kurucz_fid192.txt,1.25,1.5,-0.5,8000,2.0
Kurucz_fid193.txt,1.25,2,-0.5,8000,2.0
Kurucz_fid194.txt,1.25,2.5,-0.5,8000,2.0
Kurucz_fid195.txt,1.25,3,-0.5,8000,2.0
Kurucz_fid196.txt,1.25,3.5,-0.5,8000,2.0
Kurucz_fid197.txt,1.25,4,-0.5,8000,2.0
Kurucz_fid198.txt,1.25,4.5,-0.5,8000,2.0
Kurucz_fid199.txt,1.25,5,-0.5,8000,2.0
Kurucz_fid200.txt,1.25,1,-0.5,8250,2.0
Kurucz_fid201.txt,1.25,1.5,-0.5,8250,2.0
Kurucz_fid202.txt,1.25,2,-0.5,8250,2.0
Kurucz_fid203.txt,1.25,2.5,-0.5,8250,2.0
Kurucz_fid204.txt,1.25,3,-0.5,8250,2.0
Kurucz_fid205.txt,1.25,3.5,-0.5,8250,2.0
Kurucz_fid206.txt,1.25,4,-0.5,8250,2.0
Kurucz_fid207.txt,1.25,4.5,-0.5,8250,2.0
Kurucz_fid208.txt,1.25,5,-0.5,8250,2.0
Kurucz_fid209.txt,1.25,1.5,-0.5,8500,2.0
Kurucz_fid210.txt,1.25,2,-0.5,8500,2.0
Kurucz_fid211.txt,1.25,2.5,-0.5,8500,2.0
Kurucz_fid212.txt,1.25,3,-0.5,8500,2.0
Kurucz_fid213.txt,1.25,3.5,-0.5,8500,2.0
Kurucz_fid214.txt,1.25,4,-0.5,8500,2.0
Kurucz_fid215.txt,1.25,4.5,-0.5,8500,2.0
Kurucz_fid216.txt,1.25,5,-0.5,8500,2.0
Kurucz_fid217.txt,1.25,1.5,-0.5,8750,2.0
Kurucz_fid218.txt,1.25,2,-0.5,8750,2.0
Kurucz_fid219.txt,1.25,2.5,-0.5,8750,2.0
Kurucz_fid220.txt,1.25,3,-0.5,8750,2.0
Kurucz_fid221.txt,1.25,3.5,-0.5,8750,2.0
Kurucz_fid222.txt,1.25,4,-0.5,8750,2.0
Kurucz_fid223.txt,1.25,4.5,-0.5,8750,2.0
Kurucz_fid224.txt,1.25,5,-0.5,8750,2.0
Kurucz_fid225.txt,1.25,1.5,-0.5,9000,2.0
Kurucz_fid226.txt,1.25,2,-0.5,9000,2.0
Kurucz_fid227.txt,1.25,2.5,-0.5,9000,2.0
Kurucz_fid228.txt,1.25,3,-0.5,9000,2.0
Kurucz_fid229.txt,1.25,3.5,-0.5,9000,2.0
Kurucz_fid230.txt,1.25,4,-0.5,9000,2.0
Kurucz_fid231.txt,1.25,4.5,-0.5,9000,2.0
Kurucz_fid232.txt,1.25,5,-0.5,9000,2.0
Kurucz_fid233.txt,1.25,2,-0.5,9250,2.0
Kurucz_fid234.txt,1.25,2.5,-0.5,9250,2.0
Kurucz_fid235.txt,1.25,3,-0.5,9250,2.0
Kurucz_fid236.txt,1.25,3.5,-0.5,9250,2.0
Kurucz_fid237.txt,1.25,4,-0.5,9250,2.0
Kurucz_fid238.txt,1.25,4.5,-0.5,9250,2.0
Kurucz_fid239.txt,1.25,5,-0.5,9250,2.0
Kurucz_fid240.txt,1.25,2,-0.5,9500,2.0
Kurucz_fid241.txt,1.25,2.5,-0.5,9500,2.0
Kurucz_fid242.txt,1.25,3,-0.5,9500,2.0
Kurucz_fid243.txt,1.25,3.5,-0.5,9500,2.0
Kurucz_fid244.txt,1.25,4,-0.5,9500,2.0
Kurucz_fid245.txt,1.25,4.5,-0.5,9500,2.0
Kurucz_fid246.txt,1.25,5,-0.5,9500,2.0
Kurucz_fid247.txt,1.25,2,-0.5,9750,2.0
Kurucz_fid248.txt,1.25,2.5,-0.5,9750,2.0
Kurucz_fid249.txt,1.25,3,-0.5,9750,2.0
Kurucz_fid250.txt,1.25,3.5,-0.5,9750,2.0
Kurucz_fid251.txt,1.25,4,-0.5,9750,2.0
Kurucz_fid252.txt,1.25,4.5,-0.5,9750,2.0
Kurucz_fid253.txt,1.25,5,-0.5,9750,2.0
Kurucz_fid254.txt,1.25,2,-0.5,10000,2.0
Kurucz_fid255.txt,1.25,2.5,-0.5,10000,2.0
Kurucz_fid256.txt,1.25,3,-0.5,10000,2.0
Kurucz_fid257.txt,1.25,3.5,-0.5,10000,2.0
Kurucz_fid258.txt,1.25,4,-0.5,10000,2.0
Kurucz_fid259.txt,1.25,4.5,-0.5,10000,2.0
Kurucz_fid260.txt,1.25,5,-0.5,10000,2.0
Kurucz_fid261.txt,1.25,2,-0.5,10250,2.0
Kurucz_fid262.txt,1.25,2.5,-0.5,10250,2.0
Kurucz_fid263.txt,1.25,3,-0.5,10250,2.0
Kurucz_fid264.txt,1.25,3.5,-0.5,10250,2.0
Kurucz_fid265.txt,1.25,4,-0.5,10250,2.0
Kurucz_fid266.txt,1.25,4.5,-0.5,10250,2.0
Kurucz_fid267.txt,1.25,5,-0.5,10250,2.0
Kurucz_fid268.txt,1.25,2,-0.5,10500,2.0
Kurucz_fid269.txt,1.25,2.5,-0.5,10500,2.0
Kurucz_fid270.txt,1.25,3,-0.5,10500,2.0
Kurucz_fid271.txt,1.25,3.5,-0.5,10500,2.0
Kurucz_fid272.txt,1.25,4,-0.5,10500,2.0
Kurucz_fid273.txt,1.25,4.5,-0.5,10500,2.0
Kurucz_fid274.txt,1.25,5,-0.5,10500,2.0
Kurucz_fid275.txt,1.25,2,-0.5,10750,2.0
Kurucz_fid276.txt,1.25,2.5,-0.5,10750,2.0
Kurucz_fid277.txt,1.25,3,-0.5,10750,2.0
Kurucz_fid278.txt,1.25,3.5,-0.5,10750,2.0
Kurucz_fid279.txt,1.25,4,-0.5,10750,2.0
Kurucz_fid280.txt,1.25,4.5,-0.5,10750,2.0
Kurucz_fid281.txt,1.25,5,-0.5,10750,2.0
Kurucz_fid282.txt,1.25,2,-0.5,11000,2.0
Kurucz_fid283.txt,1.25,2.5,-0.5,11000,2.0
Kurucz_fid284.txt,1.25,3,-0.5,11000,2.0
Kurucz_fid285.txt,1.25,3.5,-0.5,11000,2.0
Kurucz_fid286.txt,1.25,4,-0.5,11000,2.0
Kurucz_fid287.txt,1.25,4.5,-0.5,11000,2.0
Kurucz_fid288.txt,1.25,5,-0.5,11000,2.0
Kurucz_fid289.txt,1.25,2,-0.5,11250,2.0
Kurucz_fid290.txt,1.25,2.5,-0.5,11250,2.0
Kurucz_fid291.txt,1.25,3,-0.5,11250,2.0
Kurucz_fid292.txt,1.25,3.5,-0.5,11250,2.0
Kurucz_fid293.txt,1.25,4,-0.5,11250,2.0
Kurucz_fid294.txt,1.25,4.5,-0.5,11250,2.0
Kurucz_fid295.txt,1.25,5,-0.5,11250,2.0
Kurucz_fid296.txt,1.25,2,-0.5,11500,2.0
Kurucz_fid297.txt,1.25,2.5,-0.5,11500,2.0
Kurucz_fid298.txt,1.25,3,-0.5,11500,2.0
Kurucz_fid299.txt,1.25,3.5,-0.5,11500,2.0
Kurucz_fid300.txt,1.25,4,-0.5,11500,2.0
Kurucz_fid301.txt,1.25,4.5,-0.5,11500,2.0
Kurucz_fid302.txt,1.25,5,-0.5,11500,2.0
Kurucz_fid303.txt,1.25,2,-0.5,11750,2.0
Kurucz_fid304.txt,1.25,2.5,-0.5,11750,2.0
Kurucz_fid305.txt,1.25,3,-0.5,11750,2.0
Kurucz_fid306.txt,1.25,3.5,-0.5,11750,2.0
Kurucz_fid307.txt,1.25,4,-0.5,11750,2.0
Kurucz_fid308.txt,1.25,4.5,-0.5,11750,2.0
Kurucz_fid309.txt,1.25,5,-0.5,11750,2.0
Kurucz_fid310.txt,1.25,2.5,-0.5,12000,2.0
Kurucz_fid311.txt,1.25,3,-0.5,12000,2.0
Kurucz_fid312.txt,1.25,3.5,-0.5,12000,2.0
Kurucz_fid313.txt,1.25,4,-0.5,12000,2.0
Kurucz_fid314.txt,1.25,4.5,-0.5,12000,2.0
Kurucz_fid315.txt,1.25,5,-0.5,12000,2.0
Kurucz_fid316.txt,1.25,2.5,-0.5,12250,2.0
Kurucz_fid317.txt,1.25,3,-0.5,12250,2.0
Kurucz_fid318.txt,1.25,3.5,-0.5,12250,2.0
Kurucz_fid319.txt,1.25,4,-0.5,12250,2.0
Kurucz_fid320.txt,1.25,4.5,-0.5,12250,2.0
Kurucz_fid321.txt,1.25,5,-0.5,12250,2.0
Kurucz_fid322.txt,1.25,2.5,-0.5,12500,2.0
Kurucz_fid323.txt,1.25,3,-0.5,12500,2.0
Kurucz_fid324.txt,1.25,3.5,-0.5,12500,2.0
Kurucz_fid325.txt,1.25,4,-0.5,12500,2.0
Kurucz_fid326.txt,1.25,4.5,-0.5,12500,2.0
Kurucz_fid327.txt,1.25,5,-0.5,12500,2.0
Kurucz_fid328.txt,1.25,2.5,-0.5,12750,2.0
Kurucz_fid329.txt,1.25,3,-0.5,12750,2.0
Kurucz_fid330.txt,1.25,3.5,-0.5,12750,2.0
Kurucz_fid331.txt,1.25,4,-0.5,12750,2.0
Kurucz_fid332.txt,1.25,4.5,-0.5,12750,2.0
Kurucz_fid333.txt,1.25,5,-0.5,12750,2.0
Kurucz_fid334.txt,1.25,2.5,-0.5,13000,2.0
Kurucz_fid335.txt,1.25,3,-0.5,13000,2.0
Kurucz_fid336.txt,1.25,3.5,-0.5,13000,2.0
Kurucz_fid337.txt,1.25,4,-0.5,13000,2.0
Kurucz_fid338.txt,1.25,4.5,-0.5,13000,2.0
Kurucz_fid339.txt,1.25,5,-0.5,13000,2.0
Kurucz_fid340.txt,1.25,2,-0.5,14000,2.0
Kurucz_fid341.txt,1.25,2.5,-0.5,14000,2.0
Kurucz_fid342.txt,1.25,3,-0.5,14000,2.0
Kurucz_fid343.txt,1.25,3.5,-0.5,14000,2.0
Kurucz_fid344.txt,1.25,4,-0.5,14000,2.0
Kurucz_fid345.txt,1.25,4.5,-0.5,14000,2.0
Kurucz_fid346.txt,1.25,5,-0.5,14000,2.0
Kurucz_fid347.txt,1.25,2.5,-0.5,15000,2.0
Kurucz_fid348.txt,1.25,3,-0.5,15000,2.0
Kurucz_fid349.txt,1.25,3.5,-0.5,15000,2.0
Kurucz_fid350.txt,1.25,4,-0.5,15000,2.0
Kurucz_fid351.txt,1.25,4.5,-0.5,15000,2.0
Kurucz_fid352.txt,1.25,5,-0.5,15000,2.0
Kurucz_fid353.txt,1.25,2.5,-0.5,16000,2.0
Kurucz_fid354.txt,1.25,3,-0.5,16000,2.0
Kurucz_fid355.txt,1.25,3.5,-0.5,16000,2.0
Kurucz_fid356.txt,1.25,4,-0.5,16000,2.0
Kurucz_fid357.txt,1.25,4.5,-0.5,16000,2.0
Kurucz_fid358.txt,1.25,5,-0.5,16000,2.0
Kurucz_fid359.txt,1.25,2.5,-0.5,17000,2.0
Kurucz_fid360.txt,1.25,3,-0.5,17000,2.0
Kurucz_fid361.txt,1.25,3.5,-0.5,17000,2.0
Kurucz_fid362.txt,1.25,4,-0.5,17000,2.0
Kurucz_fid363.txt,1.25,4.5,-0.5,17000,2.0
Kurucz_fid364.txt,1.25,5,-0.5,17000,2.0
Kurucz_fid365.txt,1.25,2.5,-0.5,18000,2.0
Kurucz_fid366.txt,1.25,3,-0.5,18000,2.0
Kurucz_fid367.txt,1.25,3.5,-0.5,18000,2.0
Kurucz_fid368.txt,1.25,4,-0.5,18000,2.0
Kurucz_fid369.txt,1.25,4.5,-0.5,18000,2.0
Kurucz_fid370.txt,1.25,5,-0.5,18000,2.0
Kurucz_fid371.txt,1.25,2.5,-0.5,19000,2.0
Kurucz_fid372.txt,1.25,3,-0.5,19000,2.0
Kurucz_fid373.txt,1.25,3.5,-0.5,19000,2.0
Kurucz_fid374.txt,1.25,4,-0.5,19000,2.0
Kurucz_fid375.txt,1.25,4.5,-0.5,19000,2.0
Kurucz_fid376.txt,1.25,5,-0.5,19000,2.0
Kurucz_fid377.txt,1.25,3,-0.5,20000,2.0
Kurucz_fid378.txt,1.25,3.5,-0.5,20000,2.0
Kurucz_fid379.txt,1.25,4,-0.5,20000,2.0
Kurucz_fid380.txt,1.25,4.5,-0.5,20000,2.0
Kurucz_fid381.txt,1.25,5,-0.5,20000,2.0
Kurucz_fid382.txt,1.25,3,-0.5,21000,2.0
Kurucz_fid383.txt,1.25,3.5,-0.5,21000,2.0
Kurucz_fid384.txt,1.25,4,-0.5,21000,2.0
Kurucz_fid385.txt,1.25,4.5,-0.5,21000,2.0
Kurucz_fid386.txt,1.25,5,-0.5,21000,2.0
Kurucz_fid387.txt,1.25,3,-0.5,22000,2.0
Kurucz_fid388.txt,1.25,3.5,-0.5,22000,2.0
Kurucz_fid389.txt,1.25,4,-0.5,22000,2.0
Kurucz_fid390.txt,1.25,4.5,-0.5,22000,2.0
Kurucz_fid391.txt,1.25,5,-0.5,22000,2.0
Kurucz_fid392.txt,1.25,3,-0.5,23000,2.0
Kurucz_fid393.txt,1.25,3.5,-0.5,23000,2.0
Kurucz_fid394.txt,1.25,4,-0.5,23000,2.0
Kurucz_fid395.txt,1.25,4.5,-0.5,23000,2.0
Kurucz_fid396.txt,1.25,5,-0.5,23000,2.0
Kurucz_fid397.txt,1.25,3,-0.5,24000,2.0
Kurucz_fid398.txt,1.25,3.5,-0.5,24000,2.0
Kurucz_fid399.txt,1.25,4,-0.5,24000,2.0
Kurucz_fid400.txt,1.25,4.5,-0.5,24000,2.0
Kurucz_fid401.txt,1.25,5,-0.5,24000,2.0
Kurucz_fid402.txt,1.25,3,-0.5,25000,2.0
Kurucz_fid403.txt,1.25,3.5,-0.5,25000,2.0
Kurucz_fid404.txt,1.25,4,-0.5,25000,2.0
Kurucz_fid405.txt,1.25,4.5,-0.5,25000,2.0
Kurucz_fid406.txt,1.25,5,-0.5,25000,2.0
Kurucz_fid407.txt,1.25,3,-0.5,26000,2.0
Kurucz_fid408.txt,1.25,3.5,-0.5,26000,2.0
Kurucz_fid409.txt,1.25,4,-0.5,26000,2.0
Kurucz_fid410.txt,1.25,4.5,-0.5,26000,2.0
Kurucz_fid411.txt,1.25,5,-0.5,26000,2.0
Kurucz_fid412.txt,1.25,3.5,-0.5,27000,2.0
Kurucz_fid413.txt,1.25,4,-0.5,27000,2.0
Kurucz_fid414.txt,1.25,4.5,-0.5,27000,2.0
Kurucz_fid415.txt,1.25,5,-0.5,27000,2.0
Kurucz_fid416.txt,1.25,3.5,-0.5,28000,2.0
Kurucz_fid417.txt,1.25,4,-0.5,28000,2.0
Kurucz_fid418.txt,1.25,4.5,-0.5,28000,2.0
Kurucz_fid419.txt,1.25,5,-0.5,28000,2.0
Kurucz_fid420.txt,1.25,3.5,-0.5,29000,2.0
Kurucz_fid421.txt,1.25,4,-0.5,29000,2.0
Kurucz_fid422.txt,1.25,4.5,-0.5,29000,2.0
Kurucz_fid423.txt,1.25,5,-0.5,29000,2.0
Kurucz_fid424.txt,1.25,3.5,-0.5,30000,2.0
Kurucz_fid425.txt,1.25,4,-0.5,30000,2.0
Kurucz_fid426.txt,1.25,4.5,-0.5,30000,2.0
Kurucz_fid427.txt,1.25,5,-0.5,30000,2.0
Kurucz_fid428.txt,1.25,3.5,-0.5,31000,2.0
Kurucz_fid429.txt,1.25,4,-0.5,31000,2.0
Kurucz_fid430.txt,1.25,4.5,-0.5,31000,2.0
Kurucz_fid431.txt,1.25,5,-0.5,31000,2.0
Kurucz_fid432.txt,1.25,4,-0.5,32000,2.0
Kurucz_fid433.txt,1.25,4.5,-0.5,32000,2.0
Kurucz_fid434.txt,1.25,5,-0.5,32000,2.0
Kurucz_fid435.txt,1.25,4,-0.5,33000,2.0
Kurucz_fid436.txt,1.25,4.5,-0.5,33000,2.0
Kurucz_fid437.txt,1.25,5,-0.5,33000,2.0
Kurucz_fid438.txt,1.25,4,-0.5,34000,2.0
Kurucz_fid439.txt,1.25,4.5,-0.5,34000,2.0
Kurucz_fid440.txt,1.25,5,-0.5,34000,2.0
Kurucz_fid441.txt,1.25,4,-0.5,35000,2.0
Kurucz_fid442.txt,1.25,4.5,-0.5,35000,2.0
Kurucz_fid443.txt,1.25,5,-0.5,35000,2.0
Kurucz_fid444.txt,1.25,4,-0.5,36000,2.0
Kurucz_fid445.txt,1.25,4.5,-0.5,36000,2.0
Kurucz_fid446.txt,1.25,5,-0.5,36000,2.0
Kurucz_fid447.txt,1.25,4,-0.5,37000,2.0
Kurucz_fid448.txt,1.25,4.5,-0.5,37000,2.0
Kurucz_fid449.txt,1.25,5,-0.5,37000,2.0
Kurucz_fid450.txt,1.25,4,-0.5,38000,2.0
Kurucz_fid451.txt,1.25,4.5,-0.5,38000,2.0
Kurucz_fid452.txt,1.25,5,-0.5,38000,2.0
Kurucz_fid453.txt,1.25,4,-0.5,39000,2.0
Kurucz_fid454.txt,1.25,4.5,-0.5,39000,2.0
Kurucz_fid455.txt,1.25,5,-0.5,39000,2.0
Kurucz_fid456.txt,1.25,4.5,-0.5,40000,2.0
Kurucz_fid457.txt,1.25,5,-0.5,40000,2.0
Kurucz_fid458.txt,1.25,4.5,-0.5,41000,2.0
Kurucz_fid459.txt,1.25,5,-0.5,41000,2.0
Kurucz_fid460.txt,1.25,4.5,-0.5,42000,2.0
Kurucz_fid461.txt,1.25,5,-0.5,42000,2.0
Kurucz_fid462.txt,1.25,4.5,-0.5,43000,2.0
Kurucz_fid463.txt,1.25,5,-0.5,43000,2.0
Kurucz_fid464.txt,1.25,4.5,-0.5,44000,2.0
Kurucz_fid465.txt,1.25,5,-0.5,44000,2.0
Kurucz_fid466.txt,1.25,4.5,-0.5,45000,2.0
Kurucz_fid467.txt,1.25,5,-0.5,45000,2.0
Kurucz_fid468.txt,1.25,4.5,-0.5,46000,2.0
Kurucz_fid469.txt,1.25,5,-0.5,46000,2.0
Kurucz_fid470.txt,1.25,4.5,-0.5,47000,2.0
Kurucz_fid471.txt,1.25,5,-0.5,47000,2.0
Kurucz_fid472.txt,1.25,4.5,-0.5,48000,2.0
Kurucz_fid473.txt,1.25,5,-0.5,48000,2.0
Kurucz_fid474.txt,1.25,4.5,-0.5,49000,2.0
Kurucz_fid475.txt,1.25,5,-0.5,49000,2.0
